model,accuracy,precision,recall,f1_score,roc_auc,fpr,tpr,train_time,inference_time
SVM_Linear,0.985,0.8181818181818182,0.9,0.8571428571428571,0.9099342105263157,0.010526315789473684,0.9,120.21420526504517,0.009000062942504883
SVM_RBF,0.99,0.9,0.9,0.9,0.9042105263157896,0.005263157894736842,0.9,0.38894009590148926,0.06579232215881348
Logistic_Regression,0.975,0.6923076923076923,0.9,0.782608695652174,0.9113815789473685,0.021052631578947368,0.9,0.07742428779602051,0.0014934539794921875
Random_Forest,0.995,1.0,0.9,0.9473684210526315,0.9988157894736842,0.0,0.9,0.5011997222900391,0.02721405029296875
Isolation_Forest,0.9075,0.18518518518518517,0.25,0.2127659574468085,0.8202631578947368,0.05789473684210526,0.25,0.19106698036193848,0.021283864974975586
GMM,0.925,0.2916666666666667,0.35,0.3181818181818182,0.8780263157894738,0.04473684210526316,0.35,0.06883740425109863,0.0099945068359375
Classical_Autoencoder,0.9175,0.25925925925925924,0.35,0.2978723404255319,0.8457894736842105,0.05263157894736842,0.35,0.23620080947875977,0.004968881607055664
Classical_MLP,0.985,0.9375,0.75,0.8333333333333334,0.9477631578947369,0.002631578947368421,0.75,0.2663431167602539,0.002890348434448242
