model,accuracy,precision,recall,f1_score,roc_auc,fpr,tpr,train_time,inference_time,stopped_epoch
Deep_MLP,0.995,1.0,0.9,0.9473684210526315,0.9464473684210526,0.0,0.9,1.9778928756713867,0.01,17
Deep_Autoencoder,0.9325,0.37037037037037035,0.5,0.425531914893617,0.8960526315789473,0.04473684210526316,0.5,11.250246524810791,0.01,86
VAE,0.9075,0.20689655172413793,0.3,0.24489795918367346,0.8252631578947369,0.060526315789473685,0.3,6.713579416275024,0.01,47
LSTM_Autoencoder,0.905,0.2,0.3,0.24,0.8314473684210527,0.06315789473684211,0.3,5.043340682983398,0.01,28
Deep_OCNN,0.915,0.26666666666666666,0.4,0.32,0.8211842105263157,0.05789473684210526,0.4,2.7237558364868164,0.01,40
