model,accuracy,precision,recall,f1_score,roc_auc,fpr,tpr,train_time,inference_time
Deep_MLP,0.995,1.0,0.9,0.9473684210526315,0.9996052631578947,0.0,0.9,12.53311562538147,0.001497030258178711
Deep_Autoencoder,0.92,0.3125,0.5,0.38461538461538464,0.9006578947368422,0.05789473684210526,0.5,16.059727668762207,0.01
VAE,0.95,0.0,0.0,0.0,0.5,0.0,0.0,16.659467935562134,0.01
LSTM_Autoencoder,0.91,0.21428571428571427,0.3,0.25,0.8055263157894738,0.05789473684210526,0.3,10.1417977809906,0.01
Deep_OCNN,0.915,0.29411764705882354,0.5,0.37037037037037035,0.8864473684210528,0.06315789473684211,0.5,7.9188947677612305,0.01
