model,accuracy,precision,recall,f1_score,roc_auc,fpr,tpr,n_qubits,circuit_depth,train_time,stopped_epoch
VQC,0.05,0.05,1.0,0.09523809523809523,0.5957894736842105,1.0,1.0,4,2,194.09665179252625,30.0
Hybrid_QNN,0.95,0.0,0.0,0.0,0.368421052631579,0.0,0.0,4,2,128.81837701797485,30.0
QSVM,0.98,0.0,0.0,0.0,0.5510204081632653,0.0,0.0,4,1,12.204609632492065,
Quantum_Autoencoder,0.95,0.0,0.0,0.0,0.4231578947368421,0.0,0.0,4,2,6.928312063217163,6.0
QGAN,0.05,0.05,1.0,0.09523809523809523,0.7052631578947368,1.0,1.0,2,1,19.801457405090332,30.0
